<?xml version="1.0"?>
<!--
   Copyright 2003-2004 The Apache Software Foundation

   Licensed under the Apache License, Version 2.0 (the "License");
   you may not use this file except in compliance with the License.
   You may obtain a copy of the License at

       http://www.apache.org/licenses/LICENSE-2.0

   Unless required by applicable law or agreed to in writing, software
   distributed under the License is distributed on an "AS IS" BASIS,
   WITHOUT WARRANTIES OR CONDITIONS OF ANY KIND, either express or implied.
   See the License for the specific language governing permissions and
   limitations under the License.
-->

<document>

  <properties>
    <title>Jakarta Commons/Net Download</title>
    <author email="brekke@apache.org">Jeffrey D. Brekke</author>
  </properties>

  <body>

<section name="Release Builds">
<p>
You can download <a href="http://jakarta.apache.org/site/binindex.cgi">binary</a> or <a href="http://jakarta.apache.org/site/sourceindex.cgi">source</a> production releases.
</p>
    
</section>

<section name="Nightly Builds">

<p>
You will find the list of nightly builds <a href="http://jakarta.apache.org/builds/jakarta-commons/nightly/commons-net/">here</a>.
</p>

</section>

</body>
</document>
