<?xml version="1.0"?>
<!--
   Copyright 2003-2004 The Apache Software Foundation

   Licensed under the Apache License, Version 2.0 (the "License");
   you may not use this file except in compliance with the License.
   You may obtain a copy of the License at

       http://www.apache.org/licenses/LICENSE-2.0

   Unless required by applicable law or agreed to in writing, software
   distributed under the License is distributed on an "AS IS" BASIS,
   WITHOUT WARRANTIES OR CONDITIONS OF ANY KIND, either express or implied.
   See the License for the specific language governing permissions and
   limitations under the License.
-->

<document>

  <properties>
    <title>Commons/Net FAQ</title>
    <author email="commons-user@jakarta.apache.org">Commons/User Mailing List</author>
  </properties>

  <body>

    <section name="Frequently Asked Questions">
      <p>
        This document attempts to answer some of the more frequently asked
        questions regarding various aspects of Commons/Net.  These questions are
        typically asked over and over again on the mailing lists, as a
        courtesy to the developers, we ask that you read this document
        before posting to the mailing lists.
      </p>
      <p>
        <a href="http://wiki.apache.org/jakarta-commons/Net/FrequentlyAskedQuestions">CommonsNet/FrequentlyAskedQuestions</a> 
      </p> 
    </section>
  </body>
</document>
