<?xml version="1.0" encoding="ISO-8859-1"?>
<!DOCTYPE org.apache.commons.menus SYSTEM '../../commons-build/menus/menus.dtd'>
<!--
   Copyright 2003-2004 The Apache Software Foundation

   Licensed under the Apache License, Version 2.0 (the "License");
   you may not use this file except in compliance with the License.
   You may obtain a copy of the License at

       http://www.apache.org/licenses/LICENSE-2.0

   Unless required by applicable law or agreed to in writing, software
   distributed under the License is distributed on an "AS IS" BASIS,
   WITHOUT WARRANTIES OR CONDITIONS OF ANY KIND, either express or implied.
   See the License for the specific language governing permissions and
   limitations under the License.
-->
<project name="Jakarta Commons/Net">

  <title>Jakarta Commons/Net</title>

  <body>
    <menu name="Documentation">
      <item name="Migration How-to"      href="/migration.html"/>
      <item name="FAQ"                   href="/faq.html"/>
      <item name="Download"              href="/download.html"/>
      <item name="Release Notes"         href="/changes-report.html"/>
    </menu>
    <menu name="Development">
      <item name="To-Do List" href="/tasks.html"/>
      <item name="Coding Specifications" href="/code-standards.html"/>
    </menu>

	&common-menus;
  </body>

</project>
