<?xml version="1.0" encoding="UTF-8"?>
<!DOCTYPE module PUBLIC "-//Puppy Crawl//DTD Check Configuration 1.1//EN" "http://www.puppycrawl.com/dtds/configuration_1_1.dtd">
<module name="Checker">
    <module name="TreeWalker">
        <module name="com.puppycrawl.tools.checkstyle.checks.ArrayTypeStyleCheck">
            <property name="javaStyle" value="true"/>
            <property name="severity" value="warning"/>
        </module>
        <module name="com.puppycrawl.tools.checkstyle.checks.AvoidNestedBlocksCheck">
            <property name="severity" value="warning"/>
        </module>
        <module name="com.puppycrawl.tools.checkstyle.checks.ConstantNameCheck">
            <property name="severity" value="warning"/>
        </module>
        <module name="com.puppycrawl.tools.checkstyle.checks.EmptyBlockCheck">
            <property name="option" value="statement"/>
            <property name="severity" value="warning"/>
            <property name="tokens" value="LITERAL_CATCH, LITERAL_DO, LITERAL_ELSE, LITERAL_FINALLY, LITERAL_IF, LITERAL_FOR, LITERAL_TRY, LITERAL_WHILE, STATIC_INIT"/>
        </module>
        <module name="com.puppycrawl.tools.checkstyle.checks.EmptyStatementCheck">
            <property name="severity" value="warning"/>
        </module>
        <module name="com.puppycrawl.tools.checkstyle.checks.FinalClassCheck">
            <property name="severity" value="warning"/>
        </module>
        <module name="com.puppycrawl.tools.checkstyle.checks.HiddenFieldCheck">
            <property name="severity" value="warning"/>
        </module>
        <module name="com.puppycrawl.tools.checkstyle.checks.HideUtilityClassConstructorCheck">
            <property name="severity" value="warning"/>
        </module>
        <module name="com.puppycrawl.tools.checkstyle.checks.InnerAssignmentCheck">
            <property name="severity" value="warning"/>
        </module>
        <module name="com.puppycrawl.tools.checkstyle.checks.InterfaceIsTypeCheck">
            <property name="severity" value="warning"/>
        </module>
        <module name="com.puppycrawl.tools.checkstyle.checks.JavadocMethodCheck">
            <property name="allowMissingParamTags" value="false"/>
            <property name="allowMissingReturnTag" value="false"/>
            <property name="allowMissingThrowsTags" value="false"/>
            <property name="allowThrowsTagsForSubclasses" value="false"/>
            <property name="allowUndeclaredRTE" value="false"/>
            <property name="scope" value="public"/>
            <property name="severity" value="warning"/>
            <property name="tokens" value="METHOD_DEF, CTOR_DEF"/>
        </module>
        <module name="com.puppycrawl.tools.checkstyle.checks.JavadocTypeCheck">
            <property name="authorFormat" value="\S"/>
            <property name="severity" value="warning"/>
        </module>
        <module name="com.puppycrawl.tools.checkstyle.checks.LineLengthCheck">
            <property name="max" value="120"/>
            <property name="severity" value="warning"/>
            <property name="tabWidth" value="4"/>
        </module>
        <module name="com.puppycrawl.tools.checkstyle.checks.LocalFinalVariableNameCheck">
            <property name="severity" value="warning"/>
        </module>
        <module name="com.puppycrawl.tools.checkstyle.checks.LocalVariableNameCheck">
            <property name="severity" value="warning"/>
        </module>
        <module name="com.puppycrawl.tools.checkstyle.checks.MemberNameCheck">
            <property name="severity" value="warning"/>
        </module>
        <module name="com.puppycrawl.tools.checkstyle.checks.MethodNameCheck">
            <property name="severity" value="warning"/>
        </module>
        <module name="com.puppycrawl.tools.checkstyle.checks.OperatorWrapCheck">
            <property name="option" value="nl"/>
            <property name="severity" value="warning"/>
            <property name="tokens" value="BAND, BOR, BSR, BXOR, COLON, DIV, EQUAL, GE, GT, LAND, LE, LITERAL_INSTANCEOF, LOR, LT, MINUS, MOD, NOT_EQUAL, PLUS, QUESTION, SL, SR, STAR"/>
        </module>
        <module name="com.puppycrawl.tools.checkstyle.checks.PackageNameCheck">
            <property name="severity" value="warning"/>
        </module>
        <module name="com.puppycrawl.tools.checkstyle.checks.ParameterNameCheck">
            <property name="severity" value="warning"/>
        </module>
        <module name="com.puppycrawl.tools.checkstyle.checks.RedundantImportCheck">
            <property name="severity" value="warning"/>
        </module>
        <module name="com.puppycrawl.tools.checkstyle.checks.SimplifyBooleanExpressionCheck">
            <property name="severity" value="warning"/>
        </module>
        <module name="com.puppycrawl.tools.checkstyle.checks.SimplifyBooleanReturnCheck">
            <property name="severity" value="warning"/>
        </module>
        <module name="com.puppycrawl.tools.checkstyle.checks.StaticVariableNameCheck">
            <property name="severity" value="warning"/>
        </module>
        <module name="com.puppycrawl.tools.checkstyle.checks.TypeNameCheck">
            <property name="severity" value="warning"/>
        </module>
        <module name="com.puppycrawl.tools.checkstyle.checks.UnusedImportsCheck">
            <property name="severity" value="warning"/>
        </module>
        <module name="com.puppycrawl.tools.checkstyle.checks.UpperEllCheck">
            <property name="severity" value="warning"/>
        </module>
        <module name="com.puppycrawl.tools.checkstyle.checks.VisibilityModifierCheck">
            <property name="severity" value="warning"/>
        </module>
    </module>
</module>
