<?xml version='1.0' encoding='UTF-8'?>
<!DOCTYPE book SYSTEM 'dtd/book.dtd'>
<book title='&ParserName; Documentation' 
      copyright='1999-2002 The Apache Software Foundation'>
 <external label='Home' href='http://xml.apache.org/'/>
 <separator/>
 <document label='Readme' title='&ParserNameLong; Readme'
           id='index' source='readme.xml'/>
 <document label='Installation' title='Installation Instructions'
           id='install' source='install.xml'/>
 <external label='Download' href='http://xml.apache.org/dist/xerces-j/'/>
 <external label='CVS Repository'
           href='http://xml.apache.org/websrc/cvsweb.cgi/xml-xerces/java/'/>
 <separator/>
 <document label='Samples' title='Sample Programs'
           id='samples' source='samples.xml'/>
 <hidden title='DOM Samples' id='samples-dom' source='samples-dom.xml'/>
 <hidden title='SAX Samples' id='samples-sax' source='samples-sax.xml'/>
 <hidden title='Socket Samples' id='samples-socket' source='samples-socket.xml'/>
 <hidden title='User Interface Samples'
         id='samples-ui' source='samples-ui.xml'/>
 <hidden title='XNI Samples' id='samples-xni' source='samples-xni.xml'/>
 <document label='API JavaDoc' title='API JavaDoc'
           id='api' source='api.xml'/>
 <!--
 <external label='API JavaDoc' href='apiDocs/index.html'/>
 -->
 <hidden title='XNI Design Details' 
         id='xni-design' source='xni-design.xml'/>
 <hidden title='XNI Core Interfaces' 
         id='xni-core' source='xni-core.xml'/>
 <hidden title='XNI Parser Configuration'
         id='xni-config' source='xni-config.xml'/>
 <hidden title='Xerces2 Components' id='xni-xerces2' source='xni-xerces2.xml'/>
 <faqs label='FAQs' title='Frequently Asked Questions' id='faqs'>
  <faq title='Common FAQs' id='faq-common' source='faq-common.xml'/>
  <faq title='General FAQs' id='faq-general' source='faq-general.xml'/>
  <faq title='Caching and Preparsing Grammars' id='faq-grammars' source='faq-grammars.xml'/>
  <faq title='Parser Configuration, Features and Properties FAQs' id='faq-pcfp' source='faq-pcfp.xml'/>
  <faq title='Xerces Native Interface FAQs' id='faq-xni' source='faq-xni.xml'/>
  <faq title='Building and Running FAQs' 
       id='faq-build' source='faq-build.xml'/>
  <faq title='Writing Applications FAQs' 
       id='faq-write' source='faq-write.xml'/>
  <faq title='Programming with DOM' 
       id='faq-dom' source='faq-dom.xml'/>
  <faq title='Using XML Schemas' 
       id='faq-xs' source='faq-xs.xml'/>
  <faq title='Performance FAQs' 
       id='faq-performance' source='faq-performance.xml'/>
  <faq title='FAQs for Developers and Prospective Contributors' id='faq-contributing' source='faq-contributing.xml'/>
 </faqs>
 <separator/>
 <settings title='Parser Features' label='Features' 
           id='features' source='features.xml'/>
 <settings title='Parser Properties' label='Properties' 
           id='properties' source='properties.xml'/>
 <separator/>

 <document label='XNI Manual' title='Xerces Native Interface'
           id='xni' source='xni.xml'/>
 <document   label='XML Schema' title='XML Schema' id='xml-schema' source='xml-schema.xml'/>
 <document label ='DOM' title='The Document Object Model' id='dom' source='dom.xml'/>
 <hidden title='DOM Level 3 Implementation' id='dom3' source='dom3.xml'/>
 <document label='Limitations' title='Parser Limitations'
           id='limitations' source='limitations.xml'/>
 <separator/>

 <releases label='Release Info' title='Release Information'
           id='releases' source='releases.xml'/>


 <external label='Report a Bug' 
           href='http://nagoya.apache.org/bugzilla/enter_bug.cgi?product=Xerces2-J'/>
</book>
