<?xml version='1.0' encoding='UTF-8'?>
<!DOCTYPE s1 SYSTEM 'dtd/document.dtd'>
<s1 title='UI Samples'>
 <!--
   - REVISIT: The UI samples should be completely rewritten.
   -
 <anchor name='DOMTree'/>
 <s2 title='Sample ui.DOMTree'>
  <p><strong>TODO</strong></p>
 </s2>
 <anchor name='DOMTreeFull'/>
 <s2 title='Sample ui.DOMTreeFull'>
  <p><strong>TODO</strong></p>
 </s2>
 <p><strong>TODO</strong></p>
 <s2 title='Sample ui.TreeView'>
 </s2>
 <anchor name='TreeViewer'/>
 <s2 title='Sample ui.TreeViewer'>
  <p><strong>TODO</strong></p>
 </s2>
 -->
 <p><strong>TODO</strong></p>
</s1>
